method,result_root,num_json,wmreward_surprise_count,wmreward_surprise_mean,physics_iq_with_context_score_count,physics_iq_with_context_score_mean,physics_iq_without_context_score_count,physics_iq_without_context_score_mean,pmf_with_context_score_count,pmf_with_context_score_mean,pmf_without_context_score_count,pmf_without_context_score_mean,videophy2_score_count,videophy2_score_mean,videophy2_sa_score_count,videophy2_sa_score_mean,videophy2_pc_score_count,videophy2_pc_score_mean,videophy2_joint_rate_count,videophy2_joint_rate_mean,videophy2_pc_raw_score_count,videophy2_pc_raw_score_mean,phyground_general_avg_count,phyground_general_avg_mean,cosmos_reason1_score_count,cosmos_reason1_score_mean,vbench_subject_consistency_score_count,vbench_subject_consistency_score_mean,vbench_background_consistency_score_count,vbench_background_consistency_score_mean,vbench_temporal_flickering_score_count,vbench_temporal_flickering_score_mean,vbench_motion_smoothness_score_count,vbench_motion_smoothness_score_mean,vbench_dynamic_degree_score_count,vbench_dynamic_degree_score_mean,vbench_aesthetic_quality_score_count,vbench_aesthetic_quality_score_mean,vbench_imaging_quality_score_count,vbench_imaging_quality_score_mean
physRVG_steps40_512x896_08_49f,/data/gaoya/AAA_test_video/0623/test/v2v_wan/PhyRVG/baseline/physicIQ/physRVG_steps40_512x896_08_49f,67,67,0.6823,67,39.874,67,36.7672,67,4.4279,67,4.3587,67,0.194,67,2.9104,67,3.7463,67,0.194,67,3.7612,0,0.0,67,4.403,67,0.982,67,0.9823,67,0.9986,67,0.9972,67,0.209,67,0.4745,67,0.6653
physRVG_steps40_512x896_08_49f,/data/gaoya/AAA_test_video/0623/test/v2v_wan/PhyRVG/whole_block_block00/physicIQ/physRVG_steps40_512x896_08_49f,67,67,0.6805,67,4.666,67,1.9957,67,2.4799,67,2.3909,67,0.0597,67,2.3433,67,4.5224,67,0.0597,67,4.2687,0,0.0,67,1.1791,67,0.7563,67,0.8785,67,0.9723,67,0.9776,67,0.4627,67,0.3788,67,0.595
physRVG_steps40_512x896_08_49f,/data/gaoya/AAA_test_video/0623/test/v2v_wan/PhyRVG/self_attn_zero_block00/physicIQ/physRVG_steps40_512x896_08_49f,67,67,0.6924,67,19.7412,67,30.5412,67,2.6922,67,2.579,67,0.1343,67,2.7612,67,4.1642,67,0.1343,67,4.1642,0,0.0,67,4.0299,67,0.9329,67,0.9525,67,0.9953,67,0.9956,67,0.1194,67,0.4535,67,0.6921
physRVG_steps40_512x896_08_49f,/data/gaoya/AAA_test_video/0623/test/v2v_wan/PhyRVG/text_cross_attn_zero_block00/physicIQ/physRVG_steps40_512x896_08_49f,67,67,0.6864,67,37.8684,67,33.4942,67,4.1507,67,4.0446,67,0.194,67,2.9552,67,3.791,67,0.194,67,3.806,0,0.0,67,4.2537,67,0.9785,67,0.9767,67,0.9983,67,0.9971,67,0.209,67,0.4756,67,0.6688
physRVG_steps40_512x896_08_49f,/data/gaoya/AAA_test_video/0623/test/v2v_wan/PhyRVG/ffn_zero_block00/physicIQ/physRVG_steps40_512x896_08_49f,67,67,0.6873,67,35.3469,67,31.7857,67,3.9821,67,3.8909,67,0.1791,67,2.9254,67,3.7463,67,0.1791,67,3.8358,0,0.0,67,4.2836,67,0.9622,67,0.9611,67,0.9971,67,0.9965,67,0.1493,67,0.4684,67,0.6409
physRVG_steps40_512x896_08_49f,/data/gaoya/AAA_test_video/0623/test/v2v_wan/PhyRVG/lora_off_block00/physicIQ/physRVG_steps40_512x896_08_49f,67,67,0.6829,67,40.1515,67,36.7528,67,4.4253,67,4.3561,67,0.1791,67,2.9254,67,3.7164,67,0.1791,67,3.7463,0,0.0,67,4.2687,67,0.9822,67,0.9823,67,0.9986,67,0.9973,67,0.2388,67,0.4758,67,0.6651
physRVG_steps40_512x896_08_49f,/data/gaoya/AAA_test_video/0623/test/v2v_wan/PhyRVG/whole_block_block05/physicIQ/physRVG_steps40_512x896_08_49f,67,67,0.6822,67,36.6163,67,33.1818,67,4.2863,67,4.2113,67,0.194,67,2.9104,67,3.7612,67,0.194,67,3.7313,0,0.0,67,4.1194,67,0.9816,67,0.9802,67,0.9986,67,0.9972,67,0.1642,67,0.4733,67,0.6662
physRVG_steps40_512x896_08_49f,/data/gaoya/AAA_test_video/0623/test/v2v_wan/PhyRVG/self_attn_zero_block05/physicIQ/physRVG_steps40_512x896_08_49f,67,67,0.6827,67,38.1352,67,34.8007,67,4.3684,67,4.2978,67,0.1791,67,2.9552,67,3.791,67,0.1791,67,3.7761,0,0.0,67,4.0149,67,0.9805,67,0.9815,67,0.9986,67,0.9973,67,0.194,67,0.4732,67,0.665
physRVG_steps40_512x896_08_49f,/data/gaoya/AAA_test_video/0623/test/v2v_wan/PhyRVG/text_cross_attn_zero_block05/physicIQ/physRVG_steps40_512x896_08_49f,67,67,0.6824,67,39.2973,67,36.224,67,4.4107,67,4.3408,67,0.209,67,2.9254,67,3.7164,67,0.209,67,3.7313,0,0.0,67,4.3881,67,0.9832,67,0.9825,67,0.9987,67,0.9973,67,0.194,67,0.4735,67,0.6658
physRVG_steps40_512x896_08_49f,/data/gaoya/AAA_test_video/0623/test/v2v_wan/PhyRVG/ffn_zero_block05/physicIQ/physRVG_steps40_512x896_08_49f,67,67,0.6828,67,36.8297,67,32.8567,67,4.3567,67,4.2849,67,0.1642,67,2.9104,67,3.7313,67,0.1642,67,3.7015,0,0.0,67,4.3284,67,0.9799,67,0.9802,67,0.9986,67,0.9972,67,0.194,67,0.4734,67,0.6644
physRVG_steps40_512x896_08_49f,/data/gaoya/AAA_test_video/0623/test/v2v_wan/PhyRVG/lora_off_block05/physicIQ/physRVG_steps40_512x896_08_49f,67,67,0.6825,67,40.0191,67,36.6593,67,4.4268,67,4.3574,67,0.1791,67,2.8955,67,3.7612,67,0.1791,67,3.7015,0,0.0,67,4.403,67,0.9821,67,0.982,67,0.9986,67,0.9972,67,0.209,67,0.4748,67,0.6648
physRVG_steps40_512x896_08_49f,/data/gaoya/AAA_test_video/0623/test/v2v_wan/PhyRVG/whole_block_block11/physicIQ/physRVG_steps40_512x896_08_49f,67,67,0.679,67,36.1,67,32.2561,67,4.3252,67,4.2621,67,0.1791,67,2.8507,67,3.8657,67,0.1791,67,3.8358,0,0.0,67,4.1791,67,0.9875,67,0.9846,67,0.9991,67,0.9974,67,0.0896,67,0.4745,67,0.672
physRVG_steps40_512x896_08_49f,/data/gaoya/AAA_test_video/0623/test/v2v_wan/PhyRVG/self_attn_zero_block11/physicIQ/physRVG_steps40_512x896_08_49f,67,67,0.6805,67,36.8845,67,33.1682,67,4.3792,67,4.3149,67,0.194,67,2.8955,67,3.8358,67,0.194,67,3.8806,0,0.0,67,4.2239,67,0.984,67,0.9835,67,0.9989,67,0.9973,67,0.1791,67,0.4737,67,0.6721
physRVG_steps40_512x896_08_49f,/data/gaoya/AAA_test_video/0623/test/v2v_wan/PhyRVG/text_cross_attn_zero_block11/physicIQ/physRVG_steps40_512x896_08_49f,67,67,0.6816,67,39.3949,67,36.2472,67,4.3948,67,4.3292,67,0.1791,67,2.8806,67,3.8955,67,0.1791,67,3.8806,0,0.0,67,4.3433,67,0.9841,67,0.984,67,0.9988,67,0.9973,67,0.1642,67,0.4743,67,0.667
physRVG_steps40_512x896_08_49f,/data/gaoya/AAA_test_video/0623/test/v2v_wan/PhyRVG/ffn_zero_block11/physicIQ/physRVG_steps40_512x896_08_49f,67,67,0.6795,67,37.2131,67,33.7604,67,4.3686,67,4.3029,67,0.1493,67,2.9254,67,3.8657,67,0.1493,67,3.8358,0,0.0,67,4.403,67,0.9847,67,0.9829,67,0.9989,67,0.9973,67,0.194,67,0.4724,67,0.6696
physRVG_steps40_512x896_08_49f,/data/gaoya/AAA_test_video/0623/test/v2v_wan/PhyRVG/lora_off_block11/physicIQ/physRVG_steps40_512x896_08_49f,67,67,0.6822,67,39.8448,67,36.6394,67,4.4271,67,4.3578,67,0.1791,67,2.9552,67,3.7313,67,0.1791,67,3.7164,0,0.0,67,4.4179,67,0.9818,67,0.9822,67,0.9986,67,0.9973,67,0.2388,67,0.4753,67,0.6647
physRVG_steps40_512x896_08_49f,/data/gaoya/AAA_test_video/0623/test/v2v_wan/PhyRVG/whole_block_block17/physicIQ/physRVG_steps40_512x896_08_49f,67,67,0.6793,67,38.3339,67,34.95,67,4.3738,67,4.3065,67,0.1642,67,2.8358,67,3.8209,67,0.1642,67,3.8209,0,0.0,67,4.2836,67,0.9846,67,0.9833,67,0.9989,67,0.9973,67,0.1045,67,0.4721,67,0.6706
physRVG_steps40_512x896_08_49f,/data/gaoya/AAA_test_video/0623/test/v2v_wan/PhyRVG/self_attn_zero_block17/physicIQ/physRVG_steps40_512x896_08_49f,67,67,0.677,67,38.0473,67,34.8882,67,4.3646,67,4.3008,67,0.1642,67,2.7612,67,4.0448,67,0.1642,67,4.0746,0,0.0,67,4.597,67,0.9875,67,0.9871,67,0.9992,67,0.9974,67,0.0746,67,0.4726,67,0.6723
physRVG_steps40_512x896_08_49f,/data/gaoya/AAA_test_video/0623/test/v2v_wan/PhyRVG/text_cross_attn_zero_block17/physicIQ/physRVG_steps40_512x896_08_49f,67,67,0.6825,67,39.5733,67,36.3567,67,4.4186,67,4.3492,67,0.194,67,2.9254,67,3.7313,67,0.194,67,3.7313,0,0.0,67,4.403,67,0.9819,67,0.982,67,0.9986,67,0.9973,67,0.2239,67,0.4744,67,0.6652
physRVG_steps40_512x896_08_49f,/data/gaoya/AAA_test_video/0623/test/v2v_wan/PhyRVG/ffn_zero_block17/physicIQ/physRVG_steps40_512x896_08_49f,67,67,0.6834,67,38.8996,67,34.6579,67,4.3324,67,4.2581,67,0.194,67,3.0299,67,3.6716,67,0.194,67,3.6567,0,0.0,67,4.1791,67,0.9813,67,0.9801,67,0.9986,67,0.9972,67,0.209,67,0.4723,67,0.6651
physRVG_steps40_512x896_08_49f,/data/gaoya/AAA_test_video/0623/test/v2v_wan/PhyRVG/lora_off_block17/physicIQ/physRVG_steps40_512x896_08_49f,67,67,0.6827,67,39.8124,67,36.5301,67,4.428,67,4.3587,67,0.1791,67,2.9403,67,3.7164,67,0.1791,67,3.6866,0,0.0,67,4.3433,67,0.982,67,0.982,67,0.9986,67,0.9972,67,0.1791,67,0.4753,67,0.6655
physRVG_steps40_512x896_08_49f,/data/gaoya/AAA_test_video/0623/test/v2v_wan/PhyRVG/whole_block_block19/physicIQ/physRVG_steps40_512x896_08_49f,67,67,0.6842,67,39.2727,67,34.704,67,4.2439,67,4.16,67,0.1791,67,2.9254,67,3.6716,67,0.1791,67,3.6866,0,0.0,67,4.0746,67,0.9761,67,0.9753,67,0.9981,67,0.9971,67,0.209,67,0.4755,67,0.6765
physRVG_steps40_512x896_08_49f,/data/gaoya/AAA_test_video/0623/test/v2v_wan/PhyRVG/self_attn_zero_block19/physicIQ/physRVG_steps40_512x896_08_49f,67,67,0.6818,67,39.0976,67,35.2707,67,4.2832,67,4.2071,67,0.1642,67,2.8806,67,3.7463,67,0.1642,67,3.806,0,0.0,67,4.1343,67,0.9809,67,0.9793,67,0.9987,67,0.9972,67,0.1493,67,0.4712,67,0.6753
physRVG_steps40_512x896_08_49f,/data/gaoya/AAA_test_video/0623/test/v2v_wan/PhyRVG/text_cross_attn_zero_block19/physicIQ/physRVG_steps40_512x896_08_49f,67,67,0.6835,67,39.7443,67,36.7355,67,4.4591,67,4.3844,67,0.1791,67,2.9403,67,3.7164,67,0.1791,67,3.6866,0,0.0,67,4.2388,67,0.981,67,0.9808,67,0.9985,67,0.9972,67,0.2239,67,0.4758,67,0.6642
physRVG_steps40_512x896_08_49f,/data/gaoya/AAA_test_video/0623/test/v2v_wan/PhyRVG/ffn_zero_block19/physicIQ/physRVG_steps40_512x896_08_49f,67,67,0.6839,67,39.6403,67,36.1219,67,4.2982,67,4.2226,67,0.2388,67,3.0149,67,3.6716,67,0.2388,67,3.6418,0,0.0,67,4.1343,67,0.9799,67,0.9783,67,0.9983,67,0.9972,67,0.2239,67,0.4758,67,0.671
physRVG_steps40_512x896_08_49f,/data/gaoya/AAA_test_video/0623/test/v2v_wan/PhyRVG/lora_off_block19/physicIQ/physRVG_steps40_512x896_08_49f,67,67,0.6825,67,39.9716,67,36.7213,67,4.4314,67,4.3621,67,0.194,67,2.9552,67,3.7463,67,0.194,67,3.7463,0,0.0,67,4.403,67,0.9819,67,0.9822,67,0.9986,67,0.9973,67,0.2239,67,0.4746,67,0.6654
physRVG_steps40_512x896_08_49f,/data/gaoya/AAA_test_video/0623/test/v2v_wan/PhyRVG/whole_block_block29/physicIQ/physRVG_steps40_512x896_08_49f,67,67,0.6886,67,40.4282,67,36.6966,67,3.9657,67,3.8441,67,0.1791,67,2.8657,67,3.9254,67,0.1791,67,3.8955,0,0.0,67,4.5224,67,0.9726,67,0.9709,67,0.9981,67,0.9972,67,0.1194,67,0.4693,67,0.6437
physRVG_steps40_512x896_08_49f,/data/gaoya/AAA_test_video/0623/test/v2v_wan/PhyRVG/self_attn_zero_block29/physicIQ/physRVG_steps40_512x896_08_49f,67,67,0.6896,67,34.5407,67,35.8394,67,3.011,67,2.8678,67,0.1791,67,2.806,67,3.806,67,0.1791,67,3.8507,0,0.0,67,3.8657,67,0.9686,67,0.9716,67,0.9982,67,0.9974,67,0.1493,67,0.4727,67,0.634
physRVG_steps40_512x896_08_49f,/data/gaoya/AAA_test_video/0623/test/v2v_wan/PhyRVG/text_cross_attn_zero_block29/physicIQ/physRVG_steps40_512x896_08_49f,67,67,0.6837,67,39.8667,67,36.6397,67,4.0089,67,3.9192,67,0.1791,67,2.9403,67,3.806,67,0.1791,67,3.8209,0,0.0,67,4.4776,67,0.9817,67,0.9812,67,0.9985,67,0.9972,67,0.209,67,0.4739,67,0.668
physRVG_steps40_512x896_08_49f,/data/gaoya/AAA_test_video/0623/test/v2v_wan/PhyRVG/ffn_zero_block29/physicIQ/physRVG_steps40_512x896_08_49f,67,67,0.6887,67,39.6225,67,36.4354,67,4.1894,67,4.0734,67,0.1791,67,2.9254,67,3.8657,67,0.1791,67,3.8657,0,0.0,67,4.3881,67,0.9648,67,0.9615,67,0.9971,67,0.9967,67,0.1493,67,0.4714,67,0.6466
physRVG_steps40_512x896_08_49f,/data/gaoya/AAA_test_video/0623/test/v2v_wan/PhyRVG/lora_off_block29/physicIQ/physRVG_steps40_512x896_08_49f,67,67,0.6829,67,39.9079,67,36.5778,67,4.4299,67,4.3609,67,0.194,67,2.9403,67,3.7313,67,0.194,67,3.7015,0,0.0,67,4.3582,67,0.9819,67,0.9816,67,0.9986,67,0.9972,67,0.194,67,0.4755,67,0.6649
